{
  "host": "localhost",
  "port": 3030,
  "public": "../public/",
  // "paginate": {
  //   "default": 10,
  //   "max": 50
  // },
  "authentication": {
    "entity": "user",
    "service": "users",
    "secret": "auxOF9C2QnpRqde1+auKiUaalRE=",
    "authStrategies": [
      "jwt",
      "local"
    ],
    "jwtOptions": {
      "header": {
        "typ": "access"
      },
      "audience": "https://yourdomain.com",
      "issuer": "feathers",
      "algorithm": "HS256",
      "expiresIn": "1d"
    },
    "local": {
      "usernameField": "email",
      "passwordField": "password"
    }
  },
  "mongodb": "mongodb://localhost:27017/i_url_backend"
}
